設立別,學程別,群科別,畢業生人數,正在接受職業訓練人數,正在軍中服役人數,需要工作而未找到人數,補習或準備升學人數,健康不良在家休養人數,準備出國人數,其他人數,正在接受職業訓練比率,正在軍中服役比率,需要工作而未找到比率,補習或準備升學比率,健康不良在家休養比率,準備出國比率,其他比率
國立,普通科,,34267,4,98,9,750,3,4,31,0.0116730382,0.2859894359,0.026264336,2.1886946625,0.0087547787,0.0116730382,0.0904660461
國立,職業科,機械群,4502,15,100,21,40,5,1,11,0.33,2.22,0.47,0.89,0.11,0.02,0.24
國立,職業科,動力機械群,1239,4,66,4,22,3,1,3,0.32,5.33,0.32,1.78,0.24,0.08,0.24
國立,職業科,電機與電子群,5195,16,143,25,54,3,1,17,0.31,2.75,0.48,1.04,0.06,0.02,0.33
國立,職業科,化工群,1268,1,12,3,12,0,1,1,0.08,0.95,0.24,0.95,0,0.08,0.08
國立,職業科,土木與建築群,1267,2,29,2,16,1,1,4,0.16,2.29,0.16,1.26,0.08,0.08,0.32
國立,職業科,商業與管理群,7990,2,55,15,54,2,1,15,0.03,0.69,0.19,0.68,0.03,0.01,0.19
國立,職業科,外語群,887,0,1,0,3,0,1,0,0,0.11,0,0.34,0,0.11,0
國立,職業科,設計群,1193,1,10,3,17,0,1,5,0.08,0.84,0.25,1.42,0,0.08,0.42
國立,職業科,農業群,1803,1,34,22,7,1,1,10,0.06,1.89,1.22,0.39,0.06,0.06,0.55
國立,職業科,食品群,1297,5,12,16,6,3,2,5,0.39,0.93,1.23,0.46,0.23,0.15,0.39
國立,職業科,家政群,1414,0,4,11,4,2,0,5,0,0.28,0.78,0.28,0.14,0,0.35
國立,職業科,餐旅群,978,0,7,1,2,2,0,3,0,0.72,0.10,0.20,0.20,0,0.31
國立,職業科,水產群,305,0,5,4,0,1,0,1,0,1.64,1.31,0,0.33,0,0.33
國立,職業科,海事群,269,4,17,2,1,0,0,4,1.49,6.32,0.74,0.37,0,0,1.49
國立,職業科,藝術群,151,0,6,0,2,0,1,3,0,3.97,0,1.32,0,0.66,1.99
國立,職業科,綜合,879,25,3,141,2,25,0,33,2.84,0.34,16.04,0.23,2.84,0,3.75
國立,綜合高中,,6293,1,17,4,110,1,4,11,0.0158906722,0.270141427,0.0635626887,1.7479739393,0.0158906722,0.0635626887,0.1747973939
國立,綜合高中,機械群,251,0,4,1,2,1,0,5,0,1.59,0.40,0.80,0.40,0,1.99
國立,綜合高中,動力機械群,31,0,6,0,0,0,0,0,0,19.35,0,0,0,0,0
國立,綜合高中,電機與電子群,396,2,8,0,0,0,1,2,0.51,2.02,0,0,0,0.25,0.51
國立,綜合高中,化工群,71,0,0,0,1,0,0,0,0,0,0,1.41,0,0,0
國立,綜合高中,土木與建築群,215,0,1,2,1,0,0,1,0,0.47,0.93,0.47,0,0,0.47
國立,綜合高中,商業與管理群,1672,2,30,10,7,0,1,7,0.12,1.79,0.60,0.42,0,0.06,0.42
國立,綜合高中,外語群,294,0,0,1,1,0,0,1,0,0,0.34,0.34,0,0,0.34
國立,綜合高中,設計群,390,2,4,0,2,0,0,6,0.51,1.03,0,0.51,0,0,1.54
國立,綜合高中,農業群,95,0,3,0,1,0,0,0,0,3.16,0,1.05,0,0,0
國立,綜合高中,食品群,279,0,0,4,0,0,0,0,0,0,1.43,0,0,0,0
國立,綜合高中,家政群,108,0,0,0,0,0,1,0,0,0,0,0,0,0.93,0
國立,綜合高中,餐旅群,566,0,20,4,2,1,0,4,0,3.53,0.71,0.35,0.18,0,0.71
國立,綜合高中,水產群,28,0,0,0,0,0,0,2,0,0,0,0,0,0,7.14
國立,綜合高中,海事群,19,0,0,0,0,0,0,2,0,0,0,0,0,0,10.53
國立,綜合高中,藝術群,9,0,1,0,0,0,0,0,0,11.11,0,0,0,0,0
國立,綜合高中,綜合,11,0,0,0,1,0,0,0,0,0,0,9.09,0,0,0
國立,實用技能學程,機械群,437,2,18,2,2,2,1,10,0.46,4.12,0.46,0.46,0.46,0.23,2.29
國立,實用技能學程,動力機械群,167,0,17,9,0,0,0,2,0,10.18,5.39,0,0,0,1.20
國立,實用技能學程,電機與電子群,762,7,66,16,4,0,0,12,0.92,8.66,2.10,0.52,0,0,1.57
國立,實用技能學程,土木與建築群,132,0,7,2,0,0,0,0,0,5.30,1.52,0,0,0,0
國立,實用技能學程,商業與管理群,677,7,21,5,1,1,0,7,1.03,3.10,0.74,0.15,0.15,0,1.03
國立,實用技能學程,設計群,167,2,10,3,2,0,0,2,1.20,5.99,1.80,1.20,0,0,1.20
國立,實用技能學程,農業群,181,0,12,3,2,1,0,3,0,6.63,1.66,1.10,0.55,0,1.66
國立,實用技能學程,食品群,285,1,19,7,0,0,0,3,0.35,6.67,2.46,0,0,0,1.05
國立,實用技能學程,餐旅群,423,1,5,13,3,1,0,4,0.24,1.18,3.07,0.71,0.24,0,0.95
國立,實用技能學程,水產群,35,0,2,0,0,0,0,0,0,5.71,0,0,0,0,0
國立,實用技能學程,海事群,62,0,15,0,0,0,0,0,0,24.19,0,0,0,0,0
國立,實用技能學程,美容造型群,152,0,2,8,0,0,0,1,0,1.32,5.26,0,0,0,0.66
縣市立,普通科,,40753,8,106,16,726,4,35,92,0.0196304567,0.2601035507,0.0392609133,1.7814639413,0.0098152283,0.0858832479,0.2257502515
縣市立,職業科,機械群,1852,2,6,0,22,0,0,9,0.11,0.32,0,1.19,0,0,0.49
縣市立,職業科,動力機械群,670,0,10,1,10,0,0,0,0,1.49,0.15,1.49,0,0,0
縣市立,職業科,電機與電子群,3001,1,19,0,47,0,1,6,0.03,0.63,0,1.57,0,0.03,0.20
縣市立,職業科,化工群,170,0,2,0,0,0,0,0,0,1.18,0,0,0,0,0
縣市立,職業科,土木與建築群,448,0,2,0,3,0,2,0,0,0.45,0,0.67,0,0.45,0
縣市立,職業科,商業與管理群,2566,1,7,2,24,0,4,5,0.04,0.27,0.08,0.94,0,0.16,0.19
縣市立,職業科,外語群,254,0,1,0,1,2,5,0,0,0.39,0,0.39,0.79,1.97,0
縣市立,職業科,設計群,1175,1,3,0,20,0,1,3,0.09,0.26,0,1.70,0,0.09,0.26
縣市立,職業科,農業群,112,0,0,0,2,0,0,0,0,0,0,1.79,0,0,0
縣市立,職業科,食品群,79,0,0,0,3,0,0,0,0,0,0,3.80,0,0,0
縣市立,職業科,家政群,142,1,0,0,4,0,0,0,0.70,0,0,2.82,0,0,0
縣市立,職業科,餐旅群,238,0,0,0,2,0,0,0,0,0,0,0.84,0,0,0
縣市立,職業科,藝術群,0,0,0,0,0,0,0,0,0,0,0,0,0,0,0
縣市立,職業科,綜合,265,9,0,34,0,14,0,10,3.40,0,12.83,0,5.28,0,3.77
縣市立,綜合高中,,2409,0,4,0,43,0,4,5,0,0.1660440017,0,1.7849730178,0,0.1660440017,0.2075550021
縣市立,綜合高中,機械群,25,0,0,0,3,0,0,0,0,0,0,12.00,0,0,0
縣市立,綜合高中,電機與電子群,263,0,0,0,4,0,0,0,0,0,0,1.52,0,0,0
縣市立,綜合高中,化工群,82,0,0,0,5,0,0,0,0,0,0,6.10,0,0,0
縣市立,綜合高中,土木與建築群,110,0,0,0,0,0,0,0,0,0,0,0,0,0,0
縣市立,綜合高中,商業與管理群,544,0,5,0,7,2,0,0,0,0.92,0,1.29,0.37,0,0
縣市立,綜合高中,外語群,36,0,0,0,0,0,0,0,0,0,0,0,0,0,0
縣市立,綜合高中,設計群,147,0,1,0,4,0,1,1,0,0.68,0,2.72,0,0.68,0.68
縣市立,綜合高中,農業群,19,0,0,0,0,0,0,0,0,0,0,0,0,0,0
縣市立,綜合高中,家政群,20,0,0,0,0,0,0,0,0,0,0,0,0,0,0
縣市立,綜合高中,餐旅群,102,0,2,1,0,0,0,4,0,1.96,0.98,0,0,0,3.92
縣市立,實用技能學程,機械群,46,0,3,1,0,0,0,0,0,6.52,2.17,0,0,0,0
縣市立,實用技能學程,動力機械群,27,0,2,0,0,0,0,0,0,7.41,0,0,0,0,0
縣市立,實用技能學程,電機與電子群,81,0,8,2,0,0,0,1,0,9.88,2.47,0,0,0,1.23
縣市立,實用技能學程,土木與建築群,37,0,1,1,0,0,0,2,0,2.70,2.70,0,0,0,5.41
縣市立,實用技能學程,商業與管理群,122,0,2,3,0,4,0,5,0,1.64,2.46,0,3.28,0,4.10
縣市立,實用技能學程,設計群,16,0,0,1,0,0,0,0,0,0,6.25,0,0,0,0
縣市立,實用技能學程,餐旅群,31,0,0,1,0,0,0,0,0,0,3.23,0,0,0,0
縣市立,實用技能學程,美容造型群,34,1,0,0,0,0,0,0,2.94,0,0,0,0,0,0
私立,普通科,,28518,19,111,18,596,9,21,40,0.066624588,0.3892278561,0.0631180307,2.0899081282,0.0315590154,0.0736377025,0.1402622905
私立,職業科,機械群,1739,7,124,44,2,1,0,5,0.40,7.13,2.53,0.12,0.06,0,0.29
私立,職業科,動力機械群,3972,13,309,106,10,6,2,60,0.33,7.78,2.67,0.25,0.15,0.05,1.51
私立,職業科,電機與電子群,12542,48,572,217,48,8,5,106,0.38,4.56,1.73,0.38,0.06,0.04,0.85
私立,職業科,土木與建築群,212,0,9,4,5,0,0,0,0,4.25,1.89,2.36,0,0,0
私立,職業科,商業與管理群,13321,26,230,183,43,18,4,62,0.20,1.73,1.37,0.32,0.14,0.03,0.47
私立,職業科,外語群,5197,2,25,18,23,2,10,11,0.04,0.48,0.35,0.44,0.04,0.19,0.21
私立,職業科,設計群,6484,22,54,34,93,7,11,48,0.34,0.83,0.52,1.43,0.11,0.17,0.74
私立,職業科,家政群,6950,37,43,237,24,26,4,31,0.53,0.62,3.41,0.35,0.37,0.06,0.45
私立,職業科,餐旅群,18903,102,712,499,64,37,22,178,0.54,3.77,2.64,0.34,0.20,0.12,0.94
私立,職業科,海事群,50,0,9,0,2,0,0,0,0,18.00,0,4.00,0,0,0
私立,職業科,藝術群,2382,3,41,15,46,2,11,34,0.13,1.72,0.63,1.93,0.08,0.46,1.43
私立,職業科,綜合,418,30,0,54,5,49,0,13,7.18,0,12.92,1.20,11.72,0,3.11
私立,綜合高中,,2151,6,25,6,25,0,0,12,0.2789400279,1.1622501162,0.2789400279,1.1622501162,0,0,0.5578800558
私立,綜合高中,機械群,71,0,1,2,0,0,0,0,0,1.41,2.82,0,0,0,0
私立,綜合高中,動力機械群,97,0,8,4,4,0,0,0,0,8.25,4.12,4.12,0,0,0
私立,綜合高中,電機與電子群,1311,1,26,2,7,4,0,6,0.08,1.98,0.15,0.53,0.31,0,0.46
私立,綜合高中,化工群,170,0,0,0,0,0,0,0,0,0,0,0,0,0,0
私立,綜合高中,商業與管理群,2623,4,25,23,11,1,2,18,0.15,0.95,0.88,0.42,0.04,0.08,0.69
私立,綜合高中,外語群,1243,1,3,2,6,0,2,2,0.08,0.24,0.16,0.48,0,0.16,0.16
私立,綜合高中,設計群,794,1,9,4,7,0,0,1,0.13,1.13,0.50,0.88,0,0,0.13
私立,綜合高中,家政群,609,1,4,14,3,1,0,11,0.16,0.66,2.30,0.49,0.16,0,1.81
私立,綜合高中,餐旅群,1570,7,32,21,3,2,0,8,0.45,2.04,1.34,0.19,0.13,0,0.51
私立,綜合高中,藝術群,18,0,1,0,0,0,0,0,0,5.56,0,0,0,0,0
私立,綜合高中,綜合,278,2,9,3,1,0,0,2,0.72,3.24,1.08,0.36,0,0,0.72
私立,實用技能學程,機械群,79,0,18,0,0,0,0,2,0,22.78,0,0,0,0,2.53
私立,實用技能學程,動力機械群,1140,1,134,45,12,3,0,35,0.09,11.75,3.95,1.05,0.26,0,3.07
私立,實用技能學程,電機與電子群,643,0,42,32,0,3,0,14,0,6.53,4.98,0,0.47,0,2.18
私立,實用技能學程,土木與建築群,17,0,0,0,0,0,0,0,0,0,0,0,0,0,0
私立,實用技能學程,商業與管理群,1357,1,83,52,5,7,1,27,0.07,6.12,3.83,0.37,0.52,0.07,1.99
私立,實用技能學程,設計群,96,0,2,9,0,0,0,0,0,2.08,9.38,0,0,0,0
私立,實用技能學程,食品群,140,1,1,27,0,0,1,0,0.71,0.71,19.29,0,0,0.71,0
私立,實用技能學程,餐旅群,3719,10,188,209,13,10,2,58,0.27,5.06,5.62,0.35,0.27,0.05,1.56
私立,實用技能學程,美容造型群,1517,21,22,92,11,8,0,23,1.38,1.45,6.06,0.73,0.53,0,1.52