設立別,學程別,群科別,畢業生人數,升公立大學日間部人數,升公立大學進修學士班人數,升私立大學日間部人數,升私立大學進修學士班人數,升公立二專日間部人數,升公立二專夜間部人數,升私立二專日間部人數,升私立二專夜間部人數,升警察大學人數,升警察專科學校人數,升軍事院校人數,赴國外_大陸就讀人數,升其他學校人數,升學率,升公立大學日間部比率,升公立大學進修學士班比率,升私立大學日間部比率,升私立大學進修學士班比率,升公立二專日間部比率,升公立二專夜間部比率,升私立二專日間部比率,升私立二專夜間部比率,升警察大學比率,升警察專科學校比率,升軍事院校比率,赴國外_大陸就讀比率,升其他學校比率,就農_林_漁_牧業人數,就礦業及土石採取業人數,就製造業人數,就電力及燃氣供應業人數,就用水供應及污染整治業人數,就營造業人數,就批發及零售業人數,就運輸及倉儲業人數,就住宿及餐飲業人數,就資訊及通訊傳播業人數,就金融及保險業人數,就不動產業人數,就專業_科學及技術服務業人數,就支援服務業人數,就公共行政及國防；強制性社會安全人數,就教育服務業人數,就醫療保健及社會工作服務業人數,就藝術_娛樂及休閒服務業人數,就其他服務業人數,就業率,就農_林_漁_牧業比率,就礦業及土石採取業比率,就製造業比率,就電力及燃氣供應業比率,就用水供應及污染整治業比率,就營造業比率,就批發及零售業比率,就運輸及倉儲業比率,就住宿及餐飲業比率,就資訊及通訊傳播業比率,就金融及保險業比率,就不動產業比率,就專業_科學及技術服務業比率,就支援服務業比率,就公共行政及國防；強制性社會安全比率,就教育服務業比率,就醫療保健及社會工作服務業比率,就藝術_娛樂及休閒服務業比率,就其他服務業比率,正在接受職業訓練人數,正在軍中服役人數,需要工作而未找到人數,補習或準備升學人數,健康不良在家休養人數,準備出國人數,其他人數,正在接受職業訓練比率,正在軍中服役比率,需要工作而未找到比率,補習或準備升學比率,健康不良在家休養比率,準備出國比率,其他比率
國立,普通科,,34267,15733,73,16005,141,0,1,6,3,48,407,458,226,7,96.6177371815,45.9129775002,0.2130329472,46.7067440978,0.4114745966,0.0,0.0029182596,0.0175095573,0.0087547787,0.1400764584,1.1877316369,1.3365628739,0.6595266583,0.0204278169,1,0,8,0,0,4,13,1,28,2,0,0,1,7,99,1,0,4,16,0.5398780168,0.0029182596,0.0,0.0233460764,0.0,0.0,0.0116730382,0.0379373742,0.0029182596,0.0817112674,0.0058365191,0.0,0.0,0.0029182596,0.0204278169,0.2889076955,0.0029182596,0.0,0.0116730382,0.0466921528,4,98,9,750,3,4,31,0.0116730382,0.2859894359,0.026264336,2.1886946625,0.0087547787,0.0116730382,0.0904660461
國立,職業科,機械群,4502,1356,416,1828,296,21,0,4,4,0,2,90,1,4,89.34,30.12,9.24,40.6,6.57,0.47,0.0,0.09,0.09,0.0,0.04,2.0,0.02,0.09,7,1,92,0,0,16,7,5,16,2,0,0,13,12,36,7,0,3,32,5.53,0.16,0.02,2.04,0.0,0.0,0.36,0.16,0.11,0.36,0.04,0.0,0.0,0.29,0.27,0.8,0.16,0.0,0.07,0.71,15,100,21,40,5,1,11,0.33,2.22,0.47,0.89,0.11,0.02,0.24
國立,職業科,動力機械群,1239,308,47,466,65,12,7,0,1,0,2,34,0,0,76.03,24.86,3.79,37.61,5.25,0.97,0.56,0.0,0.08,0.0,0.16,2.74,0.0,0.0,13,2,33,1,0,10,5,3,21,0,0,0,21,10,53,0,0,3,11,15.01,1.05,0.16,2.66,0.08,0.0,0.81,0.4,0.24,1.69,0.0,0.0,0.0,1.69,0.81,4.28,0.0,0.0,0.24,0.89,4,66,4,22,3,1,3,0.32,5.33,0.32,1.78,0.24,0.08,0.24
國立,職業科,電機與電子群,5195,1762,171,2478,122,18,4,5,6,0,3,101,0,2,89.93,33.92,3.29,47.7,2.35,0.35,0.08,0.1,0.12,0.0,0.06,1.94,0.0,0.04,13,2,41,11,1,8,14,3,26,5,0,0,11,11,62,0,1,3,38,4.81,0.25,0.04,0.79,0.21,0.02,0.15,0.27,0.06,0.5,0.1,0.0,0.0,0.21,0.21,1.19,0.0,0.02,0.06,0.73,16,143,25,54,3,1,17,0.31,2.75,0.48,1.04,0.06,0.02,0.33
國立,職業科,化工群,1268,566,35,537,32,2,1,0,1,0,0,26,0,0,94.64,44.64,2.76,42.35,2.52,0.16,0.08,0.0,0.08,0.0,0.0,2.05,0.0,0.0,1,0,6,0,0,1,0,0,10,2,0,0,4,0,9,0,1,0,3,2.92,0.08,0.0,0.47,0.0,0.0,0.08,0.0,0.0,0.79,0.16,0.0,0.0,0.32,0.0,0.71,0.0,0.08,0.0,0.24,1,12,3,12,0,1,1,0.08,0.95,0.24,0.95,0.0,0.08,0.08
國立,職業科,土木與建築群,1267,316,67,676,30,25,1,2,2,0,0,21,1,1,90.13,24.94,5.29,53.35,2.37,1.97,0.08,0.16,0.16,0.0,0.0,1.66,0.08,0.08,4,0,1,0,0,6,6,0,14,0,0,0,1,1,25,0,0,0,4,4.89,0.32,0.0,0.08,0.0,0.0,0.47,0.47,0.0,1.1,0.0,0.0,0.0,0.08,0.08,1.97,0.0,0.0,0.0,0.32,2,29,2,16,1,1,4,0.16,2.29,0.16,1.26,0.08,0.08,0.32
國立,職業科,商業與管理群,7990,2663,440,4304,99,1,4,3,2,1,1,62,5,2,94.96,33.33,5.51,53.87,1.24,0.01,0.05,0.04,0.03,0.01,0.01,0.78,0.06,0.03,5,2,7,2,0,3,13,1,57,4,2,1,6,5,39,0,2,23,51,2.79,0.06,0.03,0.09,0.03,0.0,0.04,0.16,0.01,0.71,0.05,0.03,0.01,0.08,0.06,0.49,0.0,0.03,0.29,0.64,2,55,15,54,2,1,15,0.03,0.69,0.19,0.68,0.03,0.01,0.19
國立,職業科,外語群,887,496,8,359,5,0,1,0,0,0,1,1,2,1,98.53,55.92,0.9,40.47,0.56,0.0,0.11,0.0,0.0,0.0,0.11,0.11,0.23,0.11,0,0,0,0,0,0,1,0,0,0,0,0,0,1,3,0,0,1,0,0.68,0.0,0.0,0.0,0.0,0.0,0.0,0.11,0.0,0.0,0.0,0.0,0.0,0.0,0.11,0.34,0.0,0.0,0.11,0.0,0,1,0,3,0,1,0,0.0,0.11,0.0,0.34,0.0,0.11,0.0
國立,職業科,設計群,1193,266,88,728,16,0,0,0,0,0,1,13,1,1,93.38,22.3,7.38,61.02,1.34,0.0,0.0,0.0,0.0,0.0,0.08,1.09,0.08,0.08,0,0,2,0,0,3,5,0,9,2,0,0,3,0,4,1,0,1,7,3.1,0.0,0.0,0.17,0.0,0.0,0.25,0.42,0.0,0.75,0.17,0.0,0.0,0.25,0.0,0.34,0.08,0.0,0.08,0.59,1,10,3,17,0,1,5,0.08,0.84,0.25,1.42,0.0,0.08,0.42
國立,職業科,農業群,1803,498,97,776,64,36,0,1,0,0,2,14,0,1,82.58,27.62,5.38,43.04,3.55,2.0,0.0,0.06,0.0,0.0,0.11,0.78,0.0,0.06,31,0,12,0,0,5,11,4,41,2,0,0,8,13,64,0,2,8,24,12.48,1.72,0.0,0.67,0.0,0.0,0.28,0.61,0.22,2.27,0.11,0.0,0.0,0.44,0.72,3.55,0.0,0.11,0.44,1.33,1,34,22,7,1,1,10,0.06,1.89,1.22,0.39,0.06,0.06,0.55
國立,職業科,食品群,1297,293,100,680,26,1,0,0,0,0,0,25,0,1,86.82,22.59,7.71,52.43,2.0,0.08,0.0,0.0,0.0,0.0,0.0,1.93,0.0,0.08,2,2,6,3,0,5,14,0,27,2,0,0,6,1,30,0,1,0,18,9.02,0.15,0.15,0.46,0.23,0.0,0.39,1.08,0.0,2.08,0.15,0.0,0.0,0.46,0.08,2.31,0.0,0.08,0.0,1.39,5,12,16,6,3,2,5,0.39,0.93,1.23,0.46,0.23,0.15,0.39
國立,職業科,家政群,1414,308,24,832,72,19,2,20,3,0,0,8,2,0,91.23,21.78,1.7,58.84,5.09,1.34,0.14,1.41,0.21,0.0,0.0,0.57,0.14,0.0,4,0,9,0,0,0,4,0,30,0,0,0,0,0,6,1,1,7,31,6.58,0.28,0.0,0.64,0.0,0.0,0.0,0.28,0.0,2.12,0.0,0.0,0.0,0.0,0.0,0.42,0.07,0.07,0.5,2.19,0,4,11,4,2,0,5,0.0,0.28,0.78,0.28,0.14,0.0,0.35
國立,職業科,餐旅群,978,276,79,478,14,1,2,3,1,0,0,3,1,0,87.73,28.22,8.08,48.88,1.43,0.1,0.2,0.31,0.1,0.0,0.0,0.31,0.1,0.0,2,1,3,1,2,1,7,2,44,1,1,0,1,0,17,0,0,0,22,10.74,0.2,0.1,0.31,0.1,0.2,0.1,0.72,0.2,4.5,0.1,0.1,0.0,0.1,0.0,1.74,0.0,0.0,0.0,2.25,0,7,1,2,2,0,3,0.0,0.72,0.1,0.2,0.2,0.0,0.31
國立,職業科,水產群,305,140,13,60,6,0,0,4,0,0,0,6,0,1,75.41,45.9,4.26,19.67,1.97,0.0,0.0,1.31,0.0,0.0,0.0,1.97,0.0,0.33,2,0,6,2,1,2,6,1,6,0,0,0,3,3,7,0,2,0,21,20.33,0.66,0.0,1.97,0.66,0.33,0.66,1.97,0.33,1.97,0.0,0.0,0.0,0.98,0.98,2.3,0.0,0.66,0.0,6.89,0,5,4,0,1,0,1,0.0,1.64,1.31,0.0,0.33,0.0,0.33
國立,職業科,海事群,269,82,5,56,3,1,0,17,1,0,0,3,0,0,62.45,30.48,1.86,20.82,1.12,0.37,0.0,6.32,0.37,0.0,0.0,1.12,0.0,0.0,1,0,2,6,0,3,2,10,6,1,0,0,4,0,26,0,0,2,3,24.54,0.37,0.0,0.74,2.23,0.0,1.12,0.74,3.72,2.23,0.37,0.0,0.0,1.49,0.0,9.67,0.0,0.0,0.74,1.12,4,17,2,1,0,0,4,1.49,6.32,0.74,0.37,0.0,0.0,1.49
國立,職業科,藝術群,151,97,5,20,2,0,0,0,0,0,0,0,0,0,82.12,64.24,3.31,13.25,1.32,0.0,0.0,0.0,0.0,0.0,0.0,0.0,0.0,0.0,0,0,0,0,0,0,0,0,0,1,1,0,0,0,1,0,0,5,5,8.61,0.0,0.0,0.0,0.0,0.0,0.0,0.0,0.0,0.0,0.66,0.66,0.0,0.0,0.0,0.66,0.0,0.0,3.31,3.31,0,6,0,2,0,1,3,0.0,3.97,0.0,1.32,0.0,0.66,1.99
國立,職業科,綜合,879,2,0,80,9,0,1,0,0,0,0,0,0,0,10.47,0.23,0.0,9.1,1.02,0.0,0.11,0.0,0.0,0.0,0.0,0.0,0.0,0.0,22,4,83,4,1,9,65,7,143,0,1,0,21,62,0,1,7,9,98,61.09,2.5,0.46,9.44,0.46,0.11,1.02,7.39,0.8,16.27,0.0,0.11,0.0,2.39,7.05,0.0,0.11,0.8,1.02,11.15,25,3,141,2,25,0,33,2.84,0.34,16.04,0.23,2.84,0.0,3.75
國立,綜合高中,,6293,1460,47,4278,58,2,1,0,0,0,82,101,17,18,96.3610360718,23.2003813761,0.7468615922,67.9802955665,0.9216589862,0.0317813444,0.0158906722,0.0,0.0,0.0,1.3030351184,1.6049578897,0.270141427,0.2860320992,0,0,1,0,0,2,3,0,11,1,0,0,0,0,10,0,0,5,24,0.905768314,0.0,0.0,0.0158906722,0.0,0.0,0.0317813444,0.0476720165,0.0,0.1747973939,0.0158906722,0.0,0.0,0.0,0.0,0.1589067218,0.0,0.0,0.0794533609,0.3813761322,1,17,4,110,1,4,11,0.0158906722,0.270141427,0.0635626887,1.7479739393,0.0158906722,0.0635626887,0.1747973939
國立,綜合高中,機械群,251,77,5,115,10,0,0,0,0,0,0,2,0,0,83.27,30.68,1.99,45.82,3.98,0.0,0.0,0.0,0.0,0.0,0.0,0.8,0.0,0.0,3,0,3,1,0,1,1,1,1,0,0,0,1,3,12,1,0,0,1,11.55,1.2,0.0,1.2,0.4,0.0,0.4,0.4,0.4,0.4,0.0,0.0,0.0,0.4,1.2,4.78,0.4,0.0,0.0,0.4,0,4,1,2,1,0,5,0.0,1.59,0.4,0.8,0.4,0.0,1.99
國立,綜合高中,動力機械群,31,0,4,6,1,0,0,0,0,2,0,0,0,0,41.94,0.0,12.9,19.35,3.23,0.0,0.0,0.0,0.0,6.45,0.0,0.0,0.0,0.0,0,0,2,0,0,0,0,0,2,0,0,0,0,0,0,0,0,0,8,38.71,0.0,0.0,6.45,0.0,0.0,0.0,0.0,0.0,6.45,0.0,0.0,0.0,0.0,0.0,0.0,0.0,0.0,0.0,25.81,0,6,0,0,0,0,0,0.0,19.35,0.0,0.0,0.0,0.0,0.0
國立,綜合高中,電機與電子群,396,86,4,232,25,0,0,0,0,0,0,11,0,7,92.17,21.72,1.01,58.59,6.31,0.0,0.0,0.0,0.0,0.0,0.0,2.78,0.0,1.77,0,0,8,1,0,1,1,0,1,0,0,0,1,1,0,0,0,1,1,4.04,0.0,0.0,2.02,0.25,0.0,0.25,0.25,0.0,0.25,0.0,0.0,0.0,0.25,0.25,0.0,0.0,0.0,0.25,0.25,2,8,0,0,0,1,2,0.51,2.02,0.0,0.0,0.0,0.25,0.51
國立,綜合高中,化工群,71,23,5,38,0,0,0,0,0,0,0,2,0,0,95.77,32.39,7.04,53.52,0.0,0.0,0.0,0.0,0.0,0.0,0.0,2.82,0.0,0.0,0,0,0,0,0,0,0,0,0,0,0,0,0,0,1,0,0,0,1,2.82,0.0,0.0,0.0,0.0,0.0,0.0,0.0,0.0,0.0,0.0,0.0,0.0,0.0,0.0,1.41,0.0,0.0,0.0,1.41,0,0,0,1,0,0,0,0.0,0.0,0.0,1.41,0.0,0.0,0.0
國立,綜合高中,土木與建築群,215,68,14,110,9,1,0,0,0,0,0,2,0,0,94.88,31.63,6.51,51.16,4.19,0.47,0.0,0.0,0.0,0.0,0.0,0.93,0.0,0.0,0,0,0,0,0,1,0,0,0,0,0,0,0,0,4,0,0,0,1,2.79,0.0,0.0,0.0,0.0,0.0,0.47,0.0,0.0,0.0,0.0,0.0,0.0,0.0,0.0,1.86,0.0,0.0,0.0,0.47,0,1,2,1,0,0,1,0.0,0.47,0.93,0.47,0.0,0.0,0.47
國立,綜合高中,商業與管理群,1672,305,50,1075,39,3,0,1,0,0,0,10,3,0,88.88,18.24,2.99,64.29,2.33,0.18,0.0,0.06,0.0,0.0,0.0,0.6,0.18,0.0,1,1,9,1,0,9,12,2,13,1,0,0,1,4,47,0,1,5,8,6.88,0.06,0.06,0.54,0.06,0.0,0.54,0.72,0.12,0.78,0.06,0.0,0.0,0.06,0.24,2.81,0.0,0.06,0.3,0.48,2,30,10,7,0,1,7,0.12,1.79,0.6,0.42,0.0,0.06,0.42
國立,綜合高中,外語群,294,42,6,218,2,1,0,0,0,0,0,3,0,0,92.52,14.29,2.04,74.15,0.68,0.34,0.0,0.0,0.0,0.0,0.0,1.02,0.0,0.0,0,0,0,0,0,0,1,0,4,0,0,0,0,0,6,0,0,2,1,4.76,0.0,0.0,0.0,0.0,0.0,0.0,0.34,0.0,1.36,0.0,0.0,0.0,0.0,0.0,2.04,0.0,0.0,0.68,0.34,0,0,1,1,0,0,1,0.0,0.0,0.34,0.34,0.0,0.0,0.34
國立,綜合高中,設計群,390,41,1,287,21,0,0,0,0,0,0,2,0,0,90.26,10.51,0.26,73.59,5.38,0.0,0.0,0.0,0.0,0.0,0.0,0.51,0.0,0.0,1,0,2,0,0,0,3,0,0,0,0,0,0,0,3,0,1,4,0,3.59,0.26,0.0,0.51,0.0,0.0,0.0,0.77,0.0,0.0,0.0,0.0,0.0,0.0,0.0,0.77,0.0,0.26,1.03,0.0,2,4,0,2,0,0,6,0.51,1.03,0.0,0.51,0.0,0.0,1.54
國立,綜合高中,農業群,95,39,0,38,4,0,0,0,0,0,0,0,0,0,85.26,41.05,0.0,40.0,4.21,0.0,0.0,0.0,0.0,0.0,0.0,0.0,0.0,0.0,2,0,0,0,0,0,1,0,0,0,0,0,1,0,3,0,0,0,3,10.53,2.11,0.0,0.0,0.0,0.0,0.0,1.05,0.0,0.0,0.0,0.0,0.0,1.05,0.0,3.16,0.0,0.0,0.0,3.16,0,3,0,1,0,0,0,0.0,3.16,0.0,1.05,0.0,0.0,0.0
國立,綜合高中,食品群,279,62,22,139,16,6,0,1,0,0,0,4,0,0,89.61,22.22,7.89,49.82,5.73,2.15,0.0,0.36,0.0,0.0,0.0,1.43,0.0,0.0,0,0,2,0,0,0,0,0,4,0,0,0,1,2,6,0,0,2,7,8.6,0.0,0.0,0.72,0.0,0.0,0.0,0.0,0.0,1.43,0.0,0.0,0.0,0.36,0.72,2.15,0.0,0.0,0.72,2.51,0,0,4,0,0,0,0,0.0,0.0,1.43,0.0,0.0,0.0,0.0
國立,綜合高中,家政群,108,5,4,80,3,0,0,0,0,0,0,0,0,0,85.19,4.63,3.7,74.07,2.78,0.0,0.0,0.0,0.0,0.0,0.0,0.0,0.0,0.0,0,0,0,0,0,0,0,0,1,0,0,0,0,0,1,0,0,1,11,12.96,0.0,0.0,0.0,0.0,0.0,0.0,0.0,0.0,0.93,0.0,0.0,0.0,0.0,0.0,0.93,0.0,0.0,0.93,10.19,0,0,0,0,0,1,0,0.0,0.0,0.0,0.0,0.0,0.93,0.0
國立,綜合高中,餐旅群,566,79,6,355,6,1,0,3,1,0,0,7,0,0,80.92,13.96,1.06,62.72,1.06,0.18,0.0,0.53,0.18,0.0,0.0,1.24,0.0,0.0,1,1,0,2,0,1,6,0,29,0,0,0,1,1,11,0,0,6,15,13.07,0.18,0.18,0.0,0.35,0.0,0.18,1.06,0.0,5.12,0.0,0.0,0.0,0.18,0.18,1.94,0.0,0.0,1.06,2.65,0,20,4,2,1,0,4,0.0,3.53,0.71,0.35,0.18,0.0,0.71
國立,綜合高中,水產群,28,11,0,3,0,0,0,0,0,0,0,0,0,0,50.0,39.29,0.0,10.71,0.0,0.0,0.0,0.0,0.0,0.0,0.0,0.0,0.0,0.0,0,0,0,0,0,0,0,0,0,0,0,0,0,0,11,0,0,0,1,42.86,0.0,0.0,0.0,0.0,0.0,0.0,0.0,0.0,0.0,0.0,0.0,0.0,0.0,0.0,39.29,0.0,0.0,0.0,3.57,0,0,0,0,0,0,2,0.0,0.0,0.0,0.0,0.0,0.0,7.14
國立,綜合高中,海事群,19,9,0,7,0,0,0,0,0,0,0,0,0,0,84.21,47.37,0.0,36.84,0.0,0.0,0.0,0.0,0.0,0.0,0.0,0.0,0.0,0.0,0,0,0,0,0,0,0,0,0,0,0,0,0,0,0,0,0,0,1,5.26,0.0,0.0,0.0,0.0,0.0,0.0,0.0,0.0,0.0,0.0,0.0,0.0,0.0,0.0,0.0,0.0,0.0,0.0,5.26,0,0,0,0,0,0,2,0.0,0.0,0.0,0.0,0.0,0.0,10.53
國立,綜合高中,藝術群,9,1,0,5,0,0,0,0,0,0,0,0,0,0,66.67,11.11,0.0,55.56,0.0,0.0,0.0,0.0,0.0,0.0,0.0,0.0,0.0,0.0,0,0,0,0,0,0,0,0,1,0,0,0,0,0,1,0,0,0,0,22.22,0.0,0.0,0.0,0.0,0.0,0.0,0.0,0.0,11.11,0.0,0.0,0.0,0.0,0.0,11.11,0.0,0.0,0.0,0.0,0,1,0,0,0,0,0,0.0,11.11,0.0,0.0,0.0,0.0,0.0
國立,綜合高中,綜合,11,1,0,7,2,0,0,0,0,0,0,0,0,0,90.91,9.09,0.0,63.64,18.18,0.0,0.0,0.0,0.0,0.0,0.0,0.0,0.0,0.0,0,0,0,0,0,0,0,0,0,0,0,0,0,0,0,0,0,0,0,0.0,0.0,0.0,0.0,0.0,0.0,0.0,0.0,0.0,0.0,0.0,0.0,0.0,0.0,0.0,0.0,0.0,0.0,0.0,0.0,0,0,0,1,0,0,0,0.0,0.0,0.0,9.09,0.0,0.0,0.0
國立,實用技能學程,機械群,437,18,20,148,61,0,0,0,2,0,0,2,1,0,57.67,4.12,4.58,33.87,13.96,0.0,0.0,0.0,0.46,0.0,0.0,0.46,0.23,0.0,8,1,44,2,0,2,13,1,17,1,0,0,11,14,16,0,0,2,6,31.58,1.83,0.23,10.07,0.46,0.0,0.46,2.97,0.23,3.89,0.23,0.0,0.0,2.52,3.2,3.66,0.0,0.0,0.46,1.37,2,18,2,2,2,1,10,0.46,4.12,0.46,0.46,0.46,0.23,2.29
國立,實用技能學程,動力機械群,167,5,2,31,22,0,0,0,1,0,0,0,0,0,36.53,2.99,1.2,18.56,13.17,0.0,0.0,0.0,0.6,0.0,0.0,0.0,0.0,0.0,1,1,10,2,0,3,4,7,7,2,0,0,14,5,11,0,0,0,8,44.91,0.6,0.6,5.99,1.2,0.0,1.8,2.4,4.19,4.19,1.2,0.0,0.0,8.38,2.99,6.59,0.0,0.0,0.0,4.79,0,17,9,0,0,0,2,0.0,10.18,5.39,0.0,0.0,0.0,1.2
國立,實用技能學程,電機與電子群,762,24,41,163,132,0,11,10,2,0,1,2,0,0,50.66,3.15,5.38,21.39,17.32,0.0,1.44,1.31,0.26,0.0,0.13,0.26,0.0,0.0,30,19,75,12,1,9,7,10,30,5,0,0,12,0,16,0,1,5,30,34.38,3.94,2.49,9.84,1.57,0.13,1.18,0.92,1.31,3.94,0.66,0.0,0.0,1.57,0.0,2.1,0.0,0.13,0.66,3.94,7,66,16,4,0,0,12,0.92,8.66,2.1,0.52,0.0,0.0,1.57
國立,實用技能學程,土木與建築群,132,9,9,59,19,1,0,0,0,0,0,0,0,0,73.48,6.82,6.82,44.7,14.39,0.76,0.0,0.0,0.0,0.0,0.0,0.0,0.0,0.0,3,4,1,2,0,5,0,0,3,0,1,0,4,1,0,0,1,0,1,19.7,2.27,3.03,0.76,1.52,0.0,3.79,0.0,0.0,2.27,0.0,0.76,0.0,3.03,0.76,0.0,0.0,0.76,0.0,0.76,0,7,2,0,0,0,0,0.0,5.3,1.52,0.0,0.0,0.0,0.0
國立,實用技能學程,商業與管理群,677,14,17,287,104,5,2,1,0,0,0,0,0,0,63.52,2.07,2.51,42.39,15.36,0.74,0.3,0.15,0.0,0.0,0.0,0.0,0.0,0.0,3,0,19,3,0,6,25,6,28,3,1,0,23,2,25,1,6,16,32,29.39,0.44,0.0,2.81,0.44,0.0,0.89,3.69,0.89,4.14,0.44,0.15,0.0,3.4,0.3,3.69,0.15,0.89,2.36,4.73,7,21,5,1,1,0,7,1.03,3.1,0.74,0.15,0.15,0.0,1.03
國立,實用技能學程,設計群,167,6,2,57,27,2,1,0,0,0,0,2,0,0,58.08,3.59,1.2,34.13,16.17,1.2,0.6,0.0,0.0,0.0,0.0,1.2,0.0,0.0,0,0,5,0,0,1,9,1,13,0,0,0,3,0,1,0,2,0,13,28.74,0.0,0.0,2.99,0.0,0.0,0.6,5.39,0.6,7.78,0.0,0.0,0.0,1.8,0.0,0.6,0.0,1.2,0.0,7.78,2,10,3,2,0,0,2,1.2,5.99,1.8,1.2,0.0,0.0,1.2
國立,實用技能學程,農業群,181,9,6,75,20,7,3,0,0,0,0,3,0,0,67.96,4.97,3.31,41.44,11.05,3.87,1.66,0.0,0.0,0.0,0.0,1.66,0.0,0.0,9,0,1,1,0,0,3,1,10,0,1,0,1,2,1,1,0,1,1,18.23,4.97,0.0,0.55,0.55,0.0,0.0,1.66,0.55,5.52,0.0,0.55,0.0,0.55,1.1,0.55,0.55,0.0,0.55,0.55,0,12,3,2,1,0,3,0.0,6.63,1.66,1.1,0.55,0.0,1.66
國立,實用技能學程,食品群,285,7,6,81,61,0,0,8,0,0,0,5,0,0,58.95,2.46,2.11,28.42,21.4,0.0,0.0,2.81,0.0,0.0,0.0,1.75,0.0,0.0,2,0,19,1,0,1,3,1,40,1,0,0,2,1,1,0,0,1,6,27.72,0.7,0.0,6.67,0.35,0.0,0.35,1.05,0.35,14.04,0.35,0.0,0.0,0.7,0.35,0.35,0.0,0.0,0.35,2.11,1,19,7,0,0,0,3,0.35,6.67,2.46,0.0,0.0,0.0,1.05
國立,實用技能學程,餐旅群,423,9,2,182,69,0,0,2,0,0,0,0,0,0,62.41,2.13,0.47,43.03,16.31,0.0,0.0,0.47,0.0,0.0,0.0,0.0,0.0,0.0,3,0,5,1,0,4,6,6,59,0,1,1,1,2,11,1,0,5,19,29.55,0.71,0.0,1.18,0.24,0.0,0.95,1.42,1.42,13.95,0.0,0.24,0.24,0.24,0.47,2.6,0.24,0.0,1.18,4.49,1,5,13,3,1,0,4,0.24,1.18,3.07,0.71,0.24,0.0,0.95
國立,實用技能學程,水產群,35,14,2,8,2,0,0,0,0,0,0,0,0,0,74.29,40.0,5.71,22.86,5.71,0.0,0.0,0.0,0.0,0.0,0.0,0.0,0.0,0.0,2,0,0,0,0,0,0,0,5,0,0,0,0,0,0,0,0,0,0,20.0,5.71,0.0,0.0,0.0,0.0,0.0,0.0,0.0,14.29,0.0,0.0,0.0,0.0,0.0,0.0,0.0,0.0,0.0,0.0,0,2,0,0,0,0,0,0.0,5.71,0.0,0.0,0.0,0.0,0.0
國立,實用技能學程,海事群,62,7,0,24,4,0,0,0,0,0,0,0,0,0,56.45,11.29,0.0,38.71,6.45,0.0,0.0,0.0,0.0,0.0,0.0,0.0,0.0,0.0,3,0,5,1,0,1,0,0,2,0,0,0,0,0,0,0,0,0,0,19.35,4.84,0.0,8.06,1.61,0.0,1.61,0.0,0.0,3.23,0.0,0.0,0.0,0.0,0.0,0.0,0.0,0.0,0.0,0.0,0,15,0,0,0,0,0,0.0,24.19,0.0,0.0,0.0,0.0,0.0
國立,實用技能學程,美容造型群,152,1,1,55,18,5,2,8,0,0,0,0,0,0,59.21,0.66,0.66,36.18,11.84,3.29,1.32,5.26,0.0,0.0,0.0,0.0,0.0,0.0,0,0,2,2,0,0,4,6,7,0,0,0,12,0,0,1,1,3,11,32.24,0.0,0.0,1.32,1.32,0.0,0.0,2.63,3.95,4.61,0.0,0.0,0.0,7.89,0.0,0.0,0.66,0.66,1.97,7.24,0,2,8,0,0,0,1,0.0,1.32,5.26,0.0,0.0,0.0,0.66
縣市立,普通科,,40753,15200,123,22972,248,11,1,5,0,33,224,342,222,2,96.6382842981,37.2978676416,0.301818271,56.3688562805,0.6085441563,0.0269918779,0.0024538071,0.0122690354,0.0,0.0809756337,0.5496527863,0.8392020219,0.5447451721,0.0049076142,5,0,10,4,0,8,13,3,31,3,0,1,8,2,99,5,3,25,54,0.6723431404,0.0122690354,0.0,0.0245380708,0.0098152283,0.0,0.0196304567,0.0318994921,0.0073614212,0.0760680195,0.0073614212,0.0,0.0024538071,0.0196304567,0.0049076142,0.2429269011,0.0122690354,0.0073614212,0.061345177,0.1325055824,8,106,16,726,4,35,92,0.0196304567,0.2601035507,0.0392609133,1.7814639413,0.0098152283,0.0858832479,0.2257502515
縣市立,職業科,機械群,1852,652,37,954,98,2,2,0,3,0,0,10,1,1,95.03,35.21,2.0,51.51,5.29,0.11,0.11,0.0,0.16,0.0,0.0,0.54,0.05,0.05,0,0,10,0,0,0,2,0,12,0,0,0,7,6,1,0,1,3,7,2.65,0.0,0.0,0.54,0.0,0.0,0.0,0.11,0.0,0.65,0.0,0.0,0.0,0.38,0.32,0.05,0.0,0.05,0.16,0.38,2,6,0,22,0,0,9,0.11,0.32,0.0,1.19,0.0,0.0,0.49
縣市立,職業科,動力機械群,670,207,12,339,49,3,0,0,5,0,1,3,0,0,92.39,30.9,1.79,50.6,7.31,0.45,0.0,0.0,0.75,0.0,0.15,0.45,0.0,0.0,0,0,0,1,0,5,0,0,4,0,0,0,9,3,2,0,0,0,5,4.33,0.0,0.0,0.0,0.15,0.0,0.75,0.0,0.0,0.6,0.0,0.0,0.0,1.34,0.45,0.3,0.0,0.0,0.0,0.75,0,10,1,10,0,0,0,0.0,1.49,0.15,1.49,0.0,0.0,0.0
縣市立,職業科,電機與電子群,3001,1207,42,1516,91,5,2,0,0,0,2,20,2,0,96.2,40.22,1.4,50.52,3.03,0.17,0.07,0.0,0.0,0.0,0.07,0.67,0.07,0.0,0,0,2,0,0,1,0,0,7,0,3,0,9,3,1,0,0,0,6,1.07,0.0,0.0,0.07,0.0,0.0,0.03,0.0,0.0,0.23,0.0,0.1,0.0,0.3,0.1,0.03,0.0,0.0,0.0,0.2,1,19,0,47,0,1,6,0.03,0.63,0.0,1.57,0.0,0.03,0.2
縣市立,職業科,化工群,170,112,2,51,0,0,0,0,0,0,1,0,0,0,97.65,65.88,1.18,30.0,0.0,0.0,0.0,0.0,0.0,0.0,0.59,0.0,0.0,0.0,0,0,0,0,0,0,0,0,0,0,0,0,0,0,0,0,0,0,0,0.0,0.0,0.0,0.0,0.0,0.0,0.0,0.0,0.0,0.0,0.0,0.0,0.0,0.0,0.0,0.0,0.0,0.0,0.0,0.0,0,2,0,0,0,0,0,0.0,1.18,0.0,0.0,0.0,0.0,0.0
縣市立,職業科,土木與建築群,448,208,7,193,17,7,0,0,0,0,0,0,0,0,96.43,46.43,1.56,43.08,3.79,1.56,0.0,0.0,0.0,0.0,0.0,0.0,0.0,0.0,0,0,2,0,0,1,0,0,2,0,0,0,0,0,0,0,0,0,4,2.01,0.0,0.0,0.45,0.0,0.0,0.22,0.0,0.0,0.45,0.0,0.0,0.0,0.0,0.0,0.0,0.0,0.0,0.0,0.89,0,2,0,3,0,2,0,0.0,0.45,0.0,0.67,0.0,0.45,0.0
縣市立,職業科,商業與管理群,2566,993,183,1219,71,1,2,0,0,0,0,9,3,3,96.8,38.7,7.13,47.51,2.77,0.04,0.08,0.0,0.0,0.0,0.0,0.35,0.12,0.12,1,0,0,0,0,0,0,0,7,0,1,0,0,0,2,0,1,4,6,0.86,0.04,0.0,0.0,0.0,0.0,0.0,0.0,0.0,0.27,0.0,0.04,0.0,0.0,0.0,0.08,0.0,0.04,0.16,0.23,1,7,2,24,0,4,5,0.04,0.27,0.08,0.94,0.0,0.16,0.19
縣市立,職業科,外語群,254,110,3,115,12,1,0,0,0,0,0,0,1,0,95.28,43.31,1.18,45.28,4.72,0.39,0.0,0.0,0.0,0.0,0.0,0.0,0.39,0.0,0,0,0,0,0,0,0,0,1,0,0,0,0,0,0,0,0,0,1,0.79,0.0,0.0,0.0,0.0,0.0,0.0,0.0,0.0,0.39,0.0,0.0,0.0,0.0,0.0,0.0,0.0,0.0,0.0,0.39,0,1,0,1,2,5,0,0.0,0.39,0.0,0.39,0.79,1.97,0.0
縣市立,職業科,設計群,1175,269,21,806,27,0,0,0,2,0,0,3,1,0,96.09,22.89,1.79,68.6,2.3,0.0,0.0,0.0,0.17,0.0,0.0,0.26,0.09,0.0,0,0,0,0,0,1,0,0,2,0,0,0,0,0,0,0,1,4,2,0.85,0.0,0.0,0.0,0.0,0.0,0.09,0.0,0.0,0.17,0.0,0.0,0.0,0.0,0.0,0.0,0.0,0.09,0.34,0.17,1,3,0,20,0,1,3,0.09,0.26,0.0,1.7,0.0,0.09,0.26
縣市立,職業科,農業群,112,69,0,41,0,0,0,0,0,0,0,0,0,0,98.21,61.61,0.0,36.61,0.0,0.0,0.0,0.0,0.0,0.0,0.0,0.0,0.0,0.0,0,0,0,0,0,0,0,0,0,0,0,0,0,0,0,0,0,0,0,0.0,0.0,0.0,0.0,0.0,0.0,0.0,0.0,0.0,0.0,0.0,0.0,0.0,0.0,0.0,0.0,0.0,0.0,0.0,0.0,0,0,0,2,0,0,0,0.0,0.0,0.0,1.79,0.0,0.0,0.0
縣市立,職業科,食品群,79,46,0,30,0,0,0,0,0,0,0,0,0,0,96.2,58.23,0.0,37.97,0.0,0.0,0.0,0.0,0.0,0.0,0.0,0.0,0.0,0.0,0,0,0,0,0,0,0,0,0,0,0,0,0,0,0,0,0,0,0,0.0,0.0,0.0,0.0,0.0,0.0,0.0,0.0,0.0,0.0,0.0,0.0,0.0,0.0,0.0,0.0,0.0,0.0,0.0,0.0,0,0,0,3,0,0,0,0.0,0.0,0.0,3.8,0.0,0.0,0.0
縣市立,職業科,家政群,142,52,0,80,0,0,0,0,0,0,0,0,2,0,94.37,36.62,0.0,56.34,0.0,0.0,0.0,0.0,0.0,0.0,0.0,0.0,1.41,0.0,0,0,0,0,0,0,0,0,0,0,0,0,3,0,0,0,0,0,0,2.11,0.0,0.0,0.0,0.0,0.0,0.0,0.0,0.0,0.0,0.0,0.0,0.0,2.11,0.0,0.0,0.0,0.0,0.0,0.0,1,0,0,4,0,0,0,0.7,0.0,0.0,2.82,0.0,0.0,0.0
縣市立,職業科,餐旅群,238,107,0,124,0,0,0,0,0,0,0,1,0,0,97.48,44.96,0.0,52.1,0.0,0.0,0.0,0.0,0.0,0.0,0.0,0.42,0.0,0.0,0,0,1,0,0,0,0,0,2,0,0,0,1,0,0,0,0,0,0,1.68,0.0,0.0,0.42,0.0,0.0,0.0,0.0,0.0,0.84,0.0,0.0,0.0,0.42,0.0,0.0,0.0,0.0,0.0,0.0,0,0,0,2,0,0,0,0.0,0.0,0.0,0.84,0.0,0.0,0.0
縣市立,職業科,藝術群,0,0,0,0,0,0,0,0,0,0,0,0,0,0,0.0,0.0,0.0,0.0,0.0,0.0,0.0,0.0,0.0,0.0,0.0,0.0,0.0,0.0,0,0,0,0,0,0,0,0,0,0,0,0,0,0,0,0,0,0,0,0.0,0.0,0.0,0.0,0.0,0.0,0.0,0.0,0.0,0.0,0.0,0.0,0.0,0.0,0.0,0.0,0.0,0.0,0.0,0.0,0,0,0,0,0,0,0,0.0,0.0,0.0,0.0,0.0,0.0,0.0
縣市立,職業科,綜合,265,2,0,23,0,0,0,0,0,0,0,0,0,0,9.43,0.75,0.0,8.68,0.0,0.0,0.0,0.0,0.0,0.0,0.0,0.0,0.0,0.0,1,0,18,0,0,0,11,9,44,0,1,0,2,15,0,0,1,1,70,65.28,0.38,0.0,6.79,0.0,0.0,0.0,4.15,3.4,16.6,0.0,0.38,0.0,0.75,5.66,0.0,0.0,0.38,0.38,26.42,9,0,34,0,14,0,10,3.4,0.0,12.83,0.0,5.28,0.0,3.77
縣市立,綜合高中,,2409,532,9,1733,28,1,0,1,0,0,11,16,4,1,96.9696969697,22.0838522208,0.3735990037,71.9385637194,1.1623080116,0.0415110004,0.0,0.0415110004,0.0,0.0,0.4566210046,0.6641760066,0.1660440017,0.0415110004,0,0,0,0,0,0,0,0,4,0,0,0,0,0,2,0,0,0,7,0.5396430054,0.0,0.0,0.0,0.0,0.0,0.0,0.0,0.0,0.1660440017,0.0,0.0,0.0,0.0,0.0,0.0830220008,0.0,0.0,0.0,0.2905770029,0,4,0,43,0,4,5,0.0,0.1660440017,0.0,1.7849730178,0.0,0.1660440017,0.2075550021
縣市立,綜合高中,機械群,25,3,0,19,0,0,0,0,0,0,0,0,0,0,88.0,12.0,0.0,76.0,0.0,0.0,0.0,0.0,0.0,0.0,0.0,0.0,0.0,0.0,0,0,0,0,0,0,0,0,0,0,0,0,0,0,0,0,0,0,0,0.0,0.0,0.0,0.0,0.0,0.0,0.0,0.0,0.0,0.0,0.0,0.0,0.0,0.0,0.0,0.0,0.0,0.0,0.0,0.0,0,0,0,3,0,0,0,0.0,0.0,0.0,12.0,0.0,0.0,0.0
縣市立,綜合高中,電機與電子群,263,123,1,133,0,0,0,0,0,0,0,0,0,0,97.72,46.77,0.38,50.57,0.0,0.0,0.0,0.0,0.0,0.0,0.0,0.0,0.0,0.0,0,0,0,0,0,0,0,0,0,0,0,0,0,0,0,0,0,0,1,0.38,0.0,0.0,0.0,0.0,0.0,0.0,0.0,0.0,0.0,0.0,0.0,0.0,0.0,0.0,0.0,0.0,0.0,0.0,0.38,0,0,0,4,0,0,0,0.0,0.0,0.0,1.52,0.0,0.0,0.0
縣市立,綜合高中,化工群,82,52,0,22,0,0,0,0,0,0,0,1,0,0,91.46,63.41,0.0,26.83,0.0,0.0,0.0,0.0,0.0,0.0,0.0,1.22,0.0,0.0,0,0,0,0,0,0,0,0,1,0,0,0,0,0,1,0,0,0,0,2.44,0.0,0.0,0.0,0.0,0.0,0.0,0.0,0.0,1.22,0.0,0.0,0.0,0.0,0.0,1.22,0.0,0.0,0.0,0.0,0,0,0,5,0,0,0,0.0,0.0,0.0,6.1,0.0,0.0,0.0
縣市立,綜合高中,土木與建築群,110,46,0,60,1,2,0,0,0,0,0,0,0,0,99.09,41.82,0.0,54.55,0.91,1.82,0.0,0.0,0.0,0.0,0.0,0.0,0.0,0.0,0,0,0,0,0,0,0,0,0,0,0,0,0,0,0,0,0,0,1,0.91,0.0,0.0,0.0,0.0,0.0,0.0,0.0,0.0,0.0,0.0,0.0,0.0,0.0,0.0,0.0,0.0,0.0,0.0,0.91,0,0,0,0,0,0,0,0.0,0.0,0.0,0.0,0.0,0.0,0.0
縣市立,綜合高中,商業與管理群,544,134,12,361,7,0,0,0,0,0,0,0,0,1,94.67,24.63,2.21,66.36,1.29,0.0,0.0,0.0,0.0,0.0,0.0,0.0,0.0,0.18,0,0,2,0,0,0,0,0,0,0,0,0,0,0,4,0,0,0,7,2.39,0.0,0.0,0.37,0.0,0.0,0.0,0.0,0.0,0.0,0.0,0.0,0.0,0.0,0.0,0.74,0.0,0.0,0.0,1.29,0,5,0,7,2,0,0,0.0,0.92,0.0,1.29,0.37,0.0,0.0
縣市立,綜合高中,外語群,36,5,0,30,0,0,0,0,0,0,0,1,0,0,100.0,13.89,0.0,83.33,0.0,0.0,0.0,0.0,0.0,0.0,0.0,2.78,0.0,0.0,0,0,0,0,0,0,0,0,0,0,0,0,0,0,0,0,0,0,0,0.0,0.0,0.0,0.0,0.0,0.0,0.0,0.0,0.0,0.0,0.0,0.0,0.0,0.0,0.0,0.0,0.0,0.0,0.0,0.0,0,0,0,0,0,0,0,0.0,0.0,0.0,0.0,0.0,0.0,0.0
縣市立,綜合高中,設計群,147,10,4,119,5,0,0,0,0,0,0,0,1,0,94.56,6.8,2.72,80.95,3.4,0.0,0.0,0.0,0.0,0.0,0.0,0.0,0.68,0.0,0,0,0,0,0,0,0,0,0,0,0,0,0,0,0,0,0,0,0,0.0,0.0,0.0,0.0,0.0,0.0,0.0,0.0,0.0,0.0,0.0,0.0,0.0,0.0,0.0,0.0,0.0,0.0,0.0,0.0,0,1,0,4,0,1,1,0.0,0.68,0.0,2.72,0.0,0.68,0.68
縣市立,綜合高中,農業群,19,9,0,10,0,0,0,0,0,0,0,0,0,0,100.0,47.37,0.0,52.63,0.0,0.0,0.0,0.0,0.0,0.0,0.0,0.0,0.0,0.0,0,0,0,0,0,0,0,0,0,0,0,0,0,0,0,0,0,0,0,0.0,0.0,0.0,0.0,0.0,0.0,0.0,0.0,0.0,0.0,0.0,0.0,0.0,0.0,0.0,0.0,0.0,0.0,0.0,0.0,0,0,0,0,0,0,0,0.0,0.0,0.0,0.0,0.0,0.0,0.0
縣市立,綜合高中,家政群,20,9,0,11,0,0,0,0,0,0,0,0,0,0,100.0,45.0,0.0,55.0,0.0,0.0,0.0,0.0,0.0,0.0,0.0,0.0,0.0,0.0,0,0,0,0,0,0,0,0,0,0,0,0,0,0,0,0,0,0,0,0.0,0.0,0.0,0.0,0.0,0.0,0.0,0.0,0.0,0.0,0.0,0.0,0.0,0.0,0.0,0.0,0.0,0.0,0.0,0.0,0,0,0,0,0,0,0,0.0,0.0,0.0,0.0,0.0,0.0,0.0
縣市立,綜合高中,餐旅群,102,14,0,59,0,0,0,0,0,0,0,0,0,0,71.57,13.73,0.0,57.84,0.0,0.0,0.0,0.0,0.0,0.0,0.0,0.0,0.0,0.0,0,0,1,0,0,4,1,0,3,0,0,0,0,0,7,0,0,0,6,21.57,0.0,0.0,0.98,0.0,0.0,3.92,0.98,0.0,2.94,0.0,0.0,0.0,0.0,0.0,6.86,0.0,0.0,0.0,5.88,0,2,1,0,0,0,4,0.0,1.96,0.98,0.0,0.0,0.0,3.92
縣市立,實用技能學程,機械群,46,0,20,3,9,0,0,0,0,0,0,0,0,0,69.57,0.0,43.48,6.52,19.57,0.0,0.0,0.0,0.0,0.0,0.0,0.0,0.0,0.0,0,0,4,0,0,0,0,0,5,0,0,0,1,0,0,0,0,0,0,21.74,0.0,0.0,8.7,0.0,0.0,0.0,0.0,0.0,10.87,0.0,0.0,0.0,2.17,0.0,0.0,0.0,0.0,0.0,0.0,0,3,1,0,0,0,0,0.0,6.52,2.17,0.0,0.0,0.0,0.0
縣市立,實用技能學程,動力機械群,27,0,0,1,11,0,0,0,0,0,0,0,0,0,44.44,0.0,0.0,3.7,40.74,0.0,0.0,0.0,0.0,0.0,0.0,0.0,0.0,0.0,0,0,10,0,0,0,0,0,3,0,0,0,0,0,0,0,0,0,0,48.15,0.0,0.0,37.04,0.0,0.0,0.0,0.0,0.0,11.11,0.0,0.0,0.0,0.0,0.0,0.0,0.0,0.0,0.0,0.0,0,2,0,0,0,0,0,0.0,7.41,0.0,0.0,0.0,0.0,0.0
縣市立,實用技能學程,電機與電子群,81,4,13,10,7,0,0,0,0,0,0,0,0,0,41.98,4.94,16.05,12.35,8.64,0.0,0.0,0.0,0.0,0.0,0.0,0.0,0.0,0.0,0,0,2,0,0,15,4,1,7,1,1,0,1,2,0,0,0,0,2,44.44,0.0,0.0,2.47,0.0,0.0,18.52,4.94,1.23,8.64,1.23,1.23,0.0,1.23,2.47,0.0,0.0,0.0,0.0,2.47,0,8,2,0,0,0,1,0.0,9.88,2.47,0.0,0.0,0.0,1.23
縣市立,實用技能學程,土木與建築群,37,2,7,7,1,0,1,0,0,0,0,0,0,0,48.65,5.41,18.92,18.92,2.7,0.0,2.7,0.0,0.0,0.0,0.0,0.0,0.0,0.0,0,0,0,0,0,3,1,0,5,2,0,0,1,0,0,0,0,0,3,40.54,0.0,0.0,0.0,0.0,0.0,8.11,2.7,0.0,13.51,5.41,0.0,0.0,2.7,0.0,0.0,0.0,0.0,0.0,8.11,0,1,1,0,0,0,2,0.0,2.7,2.7,0.0,0.0,0.0,5.41
縣市立,實用技能學程,商業與管理群,122,4,6,20,38,0,0,0,3,0,0,0,0,0,58.2,3.28,4.92,16.39,31.15,0.0,0.0,0.0,2.46,0.0,0.0,0.0,0.0,0.0,0,0,5,4,0,1,1,1,9,0,0,0,0,3,4,0,1,0,4,27.05,0.0,0.0,4.1,3.28,0.0,0.82,0.82,0.82,7.38,0.0,0.0,0.0,0.0,2.46,3.28,0.0,0.82,0.0,3.28,0,2,3,0,4,0,5,0.0,1.64,2.46,0.0,3.28,0.0,4.1
縣市立,實用技能學程,設計群,16,0,0,0,0,0,0,0,0,0,0,0,0,0,0.0,0.0,0.0,0.0,0.0,0.0,0.0,0.0,0.0,0.0,0.0,0.0,0.0,0.0,0,0,1,0,0,1,6,0,2,0,1,0,0,0,0,0,0,0,4,93.75,0.0,0.0,6.25,0.0,0.0,6.25,37.5,0.0,12.5,0.0,6.25,0.0,0.0,0.0,0.0,0.0,0.0,0.0,25.0,0,0,1,0,0,0,0,0.0,0.0,6.25,0.0,0.0,0.0,0.0
縣市立,實用技能學程,餐旅群,31,0,0,9,5,0,0,0,0,0,0,0,0,0,45.16,0.0,0.0,29.03,16.13,0.0,0.0,0.0,0.0,0.0,0.0,0.0,0.0,0.0,0,0,0,0,0,0,1,0,10,0,0,0,1,0,0,0,0,2,0,45.16,0.0,0.0,0.0,0.0,0.0,0.0,3.23,0.0,32.26,0.0,0.0,0.0,3.23,0.0,0.0,0.0,0.0,6.45,0.0,0,0,1,0,0,0,0,0.0,0.0,3.23,0.0,0.0,0.0,0.0
縣市立,實用技能學程,美容造型群,34,0,0,20,2,0,0,0,0,0,0,1,0,0,67.65,0.0,0.0,58.82,5.88,0.0,0.0,0.0,0.0,0.0,0.0,2.94,0.0,0.0,0,0,0,0,0,0,0,0,0,0,0,0,9,0,0,0,0,0,1,29.41,0.0,0.0,0.0,0.0,0.0,0.0,0.0,0.0,0.0,0.0,0.0,0.0,26.47,0.0,0.0,0.0,0.0,0.0,2.94,1,0,0,0,0,0,0,2.94,0.0,0.0,0.0,0.0,0.0,0.0
私立,普通科,,28518,6099,72,19636,647,4,0,3,1,16,141,264,558,20,96.293568974,21.3864927414,0.2524721229,68.8547583982,2.2687425486,0.014026229,0.0,0.0105196718,0.0035065573,0.0561049162,0.494424574,0.9257311172,1.9566589522,0.0701311452,6,1,14,1,0,7,6,2,25,2,0,0,0,6,37,1,0,22,40,0.5961147346,0.0210393436,0.0035065573,0.0490918017,0.0035065573,0.0,0.0245459008,0.0210393436,0.0070131145,0.0876639316,0.0070131145,0.0,0.0,0.0,0.0210393436,0.1297426187,0.0035065573,0.0,0.0771442598,0.1402622905,19,111,18,596,9,21,40,0.066624588,0.3892278561,0.0631180307,2.0899081282,0.0315590154,0.0736377025,0.1402622905
私立,職業科,機械群,1739,161,48,929,198,3,2,0,0,4,2,11,0,0,78.09,9.26,2.76,53.42,11.39,0.17,0.12,0.0,0.0,0.23,0.12,0.63,0.0,0.0,4,0,97,2,0,9,16,5,12,0,0,0,14,0,4,0,1,2,18,10.58,0.23,0.0,5.58,0.12,0.0,0.52,0.92,0.29,0.69,0.0,0.0,0.0,0.81,0.0,0.23,0.0,0.06,0.12,1.04,7,124,44,2,1,0,5,0.4,7.13,2.53,0.12,0.06,0.0,0.29
私立,職業科,動力機械群,3972,75,67,1214,410,3,1,17,33,0,0,52,10,0,47.38,1.89,1.69,30.56,10.32,0.08,0.03,0.43,0.83,0.0,0.0,1.31,0.25,0.0,62,12,311,9,8,78,86,146,104,6,3,4,267,16,94,1,2,25,320,39.12,1.56,0.3,7.83,0.23,0.2,1.96,2.17,3.68,2.62,0.15,0.08,0.1,6.72,0.4,2.37,0.03,0.05,0.63,8.06,13,309,106,10,6,2,60,0.33,7.78,2.67,0.25,0.15,0.05,1.51
私立,職業科,電機與電子群,12542,759,177,7132,1363,15,22,48,80,0,5,125,7,18,77.75,6.05,1.41,56.86,10.87,0.12,0.18,0.38,0.64,0.0,0.04,1.0,0.06,0.14,50,10,482,49,2,97,113,40,250,62,8,0,78,41,108,1,4,44,257,13.52,0.4,0.08,3.84,0.39,0.02,0.77,0.9,0.32,1.99,0.49,0.06,0.0,0.62,0.33,0.86,0.01,0.03,0.35,2.05,48,572,217,48,8,5,106,0.38,4.56,1.73,0.38,0.06,0.04,0.85
私立,職業科,土木與建築群,212,19,1,125,20,1,0,1,0,0,1,3,1,0,81.13,8.96,0.47,58.96,9.43,0.47,0.0,0.47,0.0,0.0,0.47,1.42,0.47,0.0,0,0,2,0,0,2,1,0,6,0,0,0,0,0,1,0,0,0,9,9.91,0.0,0.0,0.94,0.0,0.0,0.94,0.47,0.0,2.83,0.0,0.0,0.0,0.0,0.0,0.47,0.0,0.0,0.0,4.25,0,9,4,5,0,0,0,0.0,4.25,1.89,2.36,0.0,0.0,0.0
私立,職業科,商業與管理群,13321,829,367,8841,1115,24,52,47,84,0,0,95,10,11,86.14,6.22,2.76,66.37,8.37,0.18,0.39,0.35,0.63,0.0,0.0,0.71,0.08,0.08,9,4,121,7,0,30,220,37,258,58,11,2,29,26,90,4,9,50,240,9.05,0.07,0.03,0.91,0.05,0.0,0.23,1.65,0.28,1.94,0.44,0.08,0.02,0.22,0.2,0.68,0.03,0.07,0.38,1.8,26,230,183,43,18,4,62,0.2,1.73,1.37,0.32,0.14,0.03,0.47
私立,職業科,外語群,5197,479,127,3974,257,4,0,5,6,3,1,31,51,2,95.05,9.22,2.44,76.47,4.95,0.08,0.0,0.1,0.12,0.06,0.02,0.6,0.98,0.04,1,1,4,0,1,0,1,1,56,0,0,0,0,11,15,2,1,4,45,2.75,0.02,0.02,0.08,0.0,0.02,0.0,0.02,0.02,1.08,0.0,0.0,0.0,0.0,0.21,0.29,0.04,0.02,0.08,0.87,2,25,18,23,2,10,11,0.04,0.48,0.35,0.44,0.04,0.19,0.21
私立,職業科,設計群,6484,241,111,4703,617,13,0,6,9,0,0,26,33,6,88.91,3.72,1.71,72.53,9.52,0.2,0.0,0.09,0.14,0.0,0.0,0.4,0.51,0.09,4,0,22,0,1,10,41,10,87,7,0,1,40,9,35,6,1,53,85,6.35,0.06,0.0,0.34,0.0,0.02,0.15,0.63,0.15,1.34,0.11,0.0,0.02,0.62,0.14,0.54,0.09,0.02,0.82,1.31,22,54,34,93,7,11,48,0.34,0.83,0.52,1.43,0.11,0.17,0.74
私立,職業科,家政群,6950,162,83,3329,697,41,48,110,135,5,1,16,3,31,67.06,2.33,1.19,47.9,10.03,0.59,0.69,1.58,1.94,0.07,0.01,0.23,0.04,0.45,28,3,44,4,1,3,77,9,198,19,4,4,517,32,33,12,18,114,702,26.22,0.4,0.04,0.63,0.06,0.01,0.04,1.11,0.13,2.85,0.27,0.06,0.06,7.44,0.46,0.47,0.17,0.26,1.64,10.1,37,43,237,24,26,4,31,0.53,0.62,3.41,0.35,0.37,0.06,0.45
私立,職業科,餐旅群,18903,541,331,9335,2118,59,73,240,96,2,3,84,27,46,68.53,2.86,1.75,49.38,11.2,0.31,0.39,1.27,0.51,0.01,0.02,0.44,0.14,0.24,68,11,259,23,3,81,286,46,2403,19,15,3,96,70,126,6,18,143,504,22.11,0.36,0.06,1.37,0.12,0.02,0.43,1.51,0.24,12.71,0.1,0.08,0.02,0.51,0.37,0.67,0.03,0.1,0.76,2.67,102,712,499,64,37,22,178,0.54,3.77,2.64,0.34,0.2,0.12,0.94
私立,職業科,海事群,50,2,0,31,0,0,0,0,0,0,0,0,0,0,66.0,4.0,0.0,62.0,0.0,0.0,0.0,0.0,0.0,0.0,0.0,0.0,0.0,0.0,0,0,0,0,0,6,0,0,0,0,0,0,0,0,0,0,0,0,0,12.0,0.0,0.0,0.0,0.0,0.0,12.0,0.0,0.0,0.0,0.0,0.0,0.0,0.0,0.0,0.0,0.0,0.0,0.0,0.0,0,9,0,2,0,0,0,0.0,18.0,0.0,4.0,0.0,0.0,0.0
私立,職業科,藝術群,2382,148,54,1454,228,0,1,4,2,1,0,4,27,9,81.11,6.21,2.27,61.04,9.57,0.0,0.04,0.17,0.08,0.04,0.0,0.17,1.13,0.38,7,0,13,0,0,7,26,3,68,0,3,0,1,7,7,1,1,79,63,12.01,0.29,0.0,0.55,0.0,0.0,0.29,1.09,0.13,2.85,0.0,0.13,0.0,0.04,0.29,0.29,0.04,0.04,3.32,2.64,3,41,15,46,2,11,34,0.13,1.72,0.63,1.93,0.08,0.46,1.43
私立,職業科,綜合,418,0,0,23,5,0,0,0,0,0,0,0,0,0,6.7,0.0,0.0,5.5,1.2,0.0,0.0,0.0,0.0,0.0,0.0,0.0,0.0,0.0,6,2,25,0,0,8,20,1,44,0,0,0,13,45,0,2,2,14,54,56.46,1.44,0.48,5.98,0.0,0.0,1.91,4.78,0.24,10.53,0.0,0.0,0.0,3.11,10.77,0.0,0.48,0.48,3.35,12.92,30,0,54,5,49,0,13,7.18,0.0,12.92,1.2,11.72,0.0,3.11
私立,綜合高中,,2151,311,5,1557,103,0,0,0,0,0,4,17,34,4,94.6071594607,14.4583914458,0.2324500232,72.3849372385,4.7884704788,0.0,0.0,0.0,0.0,0.0,0.1859600186,0.790330079,1.5806601581,0.1859600186,2,0,0,0,0,0,7,0,6,0,0,0,1,4,6,0,0,0,5,1.4411901441,0.0929800093,0.0,0.0,0.0,0.0,0.0,0.3254300325,0.0,0.2789400279,0.0,0.0,0.0,0.0464900046,0.1859600186,0.2789400279,0.0,0.0,0.0,0.2324500232,6,25,6,25,0,0,12,0.2789400279,1.1622501162,0.2789400279,1.1622501162,0.0,0.0,0.5578800558
私立,綜合高中,機械群,71,1,0,21,25,0,0,0,0,0,0,0,0,0,66.2,1.41,0.0,29.58,35.21,0.0,0.0,0.0,0.0,0.0,0.0,0.0,0.0,0.0,0,0,1,0,0,1,0,0,0,0,0,0,0,0,0,0,0,0,19,29.58,0.0,0.0,1.41,0.0,0.0,1.41,0.0,0.0,0.0,0.0,0.0,0.0,0.0,0.0,0.0,0.0,0.0,0.0,26.76,0,1,2,0,0,0,0,0.0,1.41,2.82,0.0,0.0,0.0,0.0
私立,綜合高中,動力機械群,97,5,0,34,15,0,0,0,0,0,0,0,0,0,55.67,5.15,0.0,35.05,15.46,0.0,0.0,0.0,0.0,0.0,0.0,0.0,0.0,0.0,0,0,6,0,0,9,0,0,4,0,0,0,5,0,0,0,0,0,3,27.84,0.0,0.0,6.19,0.0,0.0,9.28,0.0,0.0,4.12,0.0,0.0,0.0,5.15,0.0,0.0,0.0,0.0,0.0,3.09,0,8,4,4,0,0,0,0.0,8.25,4.12,4.12,0.0,0.0,0.0
私立,綜合高中,電機與電子群,1311,168,18,882,68,1,0,0,0,0,5,3,2,0,87.49,12.81,1.37,67.28,5.19,0.08,0.0,0.0,0.0,0.0,0.38,0.23,0.15,0.0,3,0,18,4,1,3,3,9,14,4,0,0,0,2,39,0,0,3,14,8.92,0.23,0.0,1.37,0.31,0.08,0.23,0.23,0.69,1.07,0.31,0.0,0.0,0.0,0.15,2.97,0.0,0.0,0.23,1.07,1,26,2,7,4,0,6,0.08,1.98,0.15,0.53,0.31,0.0,0.46
私立,綜合高中,化工群,170,17,0,153,0,0,0,0,0,0,0,0,0,0,100.0,10.0,0.0,90.0,0.0,0.0,0.0,0.0,0.0,0.0,0.0,0.0,0.0,0.0,0,0,0,0,0,0,0,0,0,0,0,0,0,0,0,0,0,0,0,0.0,0.0,0.0,0.0,0.0,0.0,0.0,0.0,0.0,0.0,0.0,0.0,0.0,0.0,0.0,0.0,0.0,0.0,0.0,0.0,0,0,0,0,0,0,0,0.0,0.0,0.0,0.0,0.0,0.0,0.0
私立,綜合高中,商業與管理群,2623,268,52,1954,119,4,8,2,4,0,0,21,3,0,92.83,10.22,1.98,74.49,4.54,0.15,0.3,0.08,0.15,0.0,0.0,0.8,0.11,0.0,0,0,14,1,0,0,5,3,23,5,0,0,1,3,22,0,0,10,14,3.85,0.0,0.0,0.53,0.04,0.0,0.0,0.19,0.11,0.88,0.19,0.0,0.0,0.04,0.11,0.84,0.0,0.0,0.38,0.53,4,25,23,11,1,2,18,0.15,0.95,0.88,0.42,0.04,0.08,0.69
私立,綜合高中,外語群,1243,78,5,1049,47,3,0,0,0,0,0,3,14,0,96.46,6.28,0.4,84.39,3.78,0.24,0.0,0.0,0.0,0.0,0.0,0.24,1.13,0.0,0,0,2,0,0,0,1,0,4,1,1,1,0,4,6,1,1,1,1,1.93,0.0,0.0,0.16,0.0,0.0,0.0,0.08,0.0,0.32,0.08,0.08,0.08,0.0,0.32,0.48,0.08,0.08,0.08,0.08,1,3,2,6,0,2,2,0.08,0.24,0.16,0.48,0.0,0.16,0.16
私立,綜合高中,設計群,794,57,2,642,28,9,1,0,2,0,0,1,5,0,94.08,7.18,0.25,80.86,3.53,1.13,0.13,0.0,0.25,0.0,0.0,0.13,0.63,0.0,0,0,3,1,0,0,3,0,3,0,0,0,0,2,1,0,0,1,2,2.02,0.0,0.0,0.38,0.13,0.0,0.0,0.38,0.0,0.38,0.0,0.0,0.0,0.0,0.25,0.13,0.0,0.0,0.13,0.25,1,9,4,7,0,0,1,0.13,1.13,0.5,0.88,0.0,0.0,0.13
私立,綜合高中,家政群,609,15,7,472,21,0,0,0,0,0,0,1,0,0,84.73,2.46,1.15,77.5,3.45,0.0,0.0,0.0,0.0,0.0,0.0,0.16,0.0,0.0,1,0,4,0,0,0,0,2,13,0,0,0,8,5,5,3,0,6,4,8.37,0.16,0.0,0.66,0.0,0.0,0.0,0.0,0.33,2.13,0.0,0.0,0.0,1.31,0.82,0.82,0.49,0.0,0.99,0.66,1,4,14,3,1,0,11,0.16,0.66,2.3,0.49,0.16,0.0,1.81
私立,綜合高中,餐旅群,1570,115,10,1062,93,3,0,0,12,0,0,13,2,0,83.44,7.32,0.64,67.64,5.92,0.19,0.0,0.0,0.76,0.0,0.0,0.83,0.13,0.0,1,0,8,0,0,1,4,1,82,0,0,0,1,4,39,0,0,16,19,11.21,0.06,0.0,0.51,0.0,0.0,0.06,0.25,0.06,5.22,0.0,0.0,0.0,0.06,0.25,2.48,0.0,0.0,1.02,1.21,7,32,21,3,2,0,8,0.45,2.04,1.34,0.19,0.13,0.0,0.51
私立,綜合高中,藝術群,18,0,0,5,0,0,0,0,0,0,0,0,0,0,27.78,0.0,0.0,27.78,0.0,0.0,0.0,0.0,0.0,0.0,0.0,0.0,0.0,0.0,0,0,0,0,0,0,0,0,4,0,0,0,0,0,7,0,0,1,0,66.67,0.0,0.0,0.0,0.0,0.0,0.0,0.0,0.0,22.22,0.0,0.0,0.0,0.0,0.0,38.89,0.0,0.0,5.56,0.0,0,1,0,0,0,0,0,0.0,5.56,0.0,0.0,0.0,0.0,0.0
私立,綜合高中,綜合,278,13,0,197,9,6,0,0,0,0,0,4,1,0,82.73,4.68,0.0,70.86,3.24,2.16,0.0,0.0,0.0,0.0,0.0,1.44,0.36,0.0,0,0,1,0,0,0,2,0,12,0,0,0,0,3,1,1,0,0,5,8.99,0.0,0.0,0.36,0.0,0.0,0.0,0.72,0.0,4.32,0.0,0.0,0.0,0.0,1.08,0.36,0.36,0.0,0.0,1.8,2,9,3,1,0,0,2,0.72,3.24,1.08,0.36,0.0,0.0,0.72
私立,實用技能學程,機械群,79,0,0,4,7,0,0,0,3,0,0,0,0,0,17.72,0.0,0.0,5.06,8.86,0.0,0.0,0.0,3.8,0.0,0.0,0.0,0.0,0.0,1,0,20,0,0,1,5,0,6,6,0,0,2,2,0,0,0,0,2,56.96,1.27,0.0,25.32,0.0,0.0,1.27,6.33,0.0,7.59,7.59,0.0,0.0,2.53,2.53,0.0,0.0,0.0,0.0,2.53,0,18,0,0,0,0,2,0.0,22.78,0.0,0.0,0.0,0.0,2.53
私立,實用技能學程,動力機械群,1140,9,6,167,42,10,0,0,24,0,0,7,0,0,23.25,0.79,0.53,14.65,3.68,0.88,0.0,0.0,2.11,0.0,0.0,0.61,0.0,0.0,28,4,113,4,2,37,37,56,52,4,0,0,127,9,15,1,1,26,113,55.18,2.46,0.35,9.91,0.35,0.18,3.25,3.25,4.91,4.56,0.35,0.0,0.0,11.14,0.79,1.32,0.09,0.09,2.28,9.91,1,134,45,12,3,0,35,0.09,11.75,3.95,1.05,0.26,0.0,3.07
私立,實用技能學程,電機與電子群,643,7,8,227,112,0,0,2,3,0,0,6,1,10,58.48,1.09,1.24,35.3,17.42,0.0,0.0,0.31,0.47,0.0,0.0,0.93,0.16,1.56,14,4,65,5,0,11,14,2,15,1,0,0,3,4,20,0,0,1,16,27.22,2.18,0.62,10.11,0.78,0.0,1.71,2.18,0.31,2.33,0.16,0.0,0.0,0.47,0.62,3.11,0.0,0.0,0.16,2.49,0,42,32,0,3,0,14,0.0,6.53,4.98,0.0,0.47,0.0,2.18
私立,實用技能學程,土木與建築群,17,0,0,8,0,0,0,0,0,0,0,0,0,0,47.06,0.0,0.0,47.06,0.0,0.0,0.0,0.0,0.0,0.0,0.0,0.0,0.0,0.0,0,0,0,0,0,0,0,0,0,0,0,0,0,0,0,0,0,0,9,52.94,0.0,0.0,0.0,0.0,0.0,0.0,0.0,0.0,0.0,0.0,0.0,0.0,0.0,0.0,0.0,0.0,0.0,0.0,52.94,0,0,0,0,0,0,0,0.0,0.0,0.0,0.0,0.0,0.0,0.0
私立,實用技能學程,商業與管理群,1357,14,18,477,137,19,17,6,26,0,0,4,2,0,53.06,1.03,1.33,35.15,10.1,1.4,1.25,0.44,1.92,0.0,0.0,0.29,0.15,0.0,3,0,42,7,3,8,81,16,74,43,3,1,15,20,12,2,7,12,79,31.54,0.22,0.0,3.1,0.52,0.22,0.59,5.97,1.18,5.45,3.17,0.22,0.07,1.11,1.47,0.88,0.15,0.52,0.88,5.82,1,83,52,5,7,1,27,0.07,6.12,3.83,0.37,0.52,0.07,1.99
私立,實用技能學程,設計群,96,3,0,43,7,0,0,0,3,0,0,0,0,0,58.33,3.13,0.0,44.79,7.29,0.0,0.0,0.0,3.13,0.0,0.0,0.0,0.0,0.0,0,0,2,1,0,3,3,0,10,0,0,1,3,0,0,0,0,0,6,30.21,0.0,0.0,2.08,1.04,0.0,3.13,3.13,0.0,10.42,0.0,0.0,1.04,3.13,0.0,0.0,0.0,0.0,0.0,6.25,0,2,9,0,0,0,0,0.0,2.08,9.38,0.0,0.0,0.0,0.0
私立,實用技能學程,食品群,140,1,0,38,24,1,1,0,0,0,0,3,0,0,48.57,0.71,0.0,27.14,17.14,0.71,0.71,0.0,0.0,0.0,0.0,2.14,0.0,0.0,0,0,9,1,0,2,2,1,19,0,0,1,0,0,0,0,0,0,5,28.57,0.0,0.0,6.43,0.71,0.0,1.43,1.43,0.71,13.57,0.0,0.0,0.71,0.0,0.0,0.0,0.0,0.0,0.0,3.57,1,1,27,0,0,1,0,0.71,0.71,19.29,0.0,0.0,0.71,0.0
私立,實用技能學程,餐旅群,3719,40,18,1006,444,4,11,7,66,0,0,22,0,4,43.61,1.08,0.48,27.05,11.94,0.11,0.3,0.19,1.77,0.0,0.0,0.59,0.0,0.11,30,0,138,15,3,54,118,35,750,6,9,2,30,29,31,1,2,71,220,41.52,0.81,0.0,3.71,0.4,0.08,1.45,3.17,0.94,20.17,0.16,0.24,0.05,0.81,0.78,0.83,0.03,0.05,1.91,5.92,10,188,209,13,10,2,58,0.27,5.06,5.62,0.35,0.27,0.05,1.56
私立,實用技能學程,美容造型群,1517,21,4,340,139,1,4,17,29,2,0,1,0,13,37.64,1.38,0.26,22.41,9.16,0.07,0.26,1.12,1.91,0.13,0.0,0.07,0.0,0.86,1,0,45,3,0,4,33,11,112,8,3,0,216,21,13,1,0,57,229,49.9,0.07,0.0,2.97,0.2,0.0,0.26,2.18,0.73,7.38,0.53,0.2,0.0,14.24,1.38,0.86,0.07,0.0,3.76,15.1,21,22,92,11,8,0,23,1.38,1.45,6.06,0.73,0.53,0.0,1.52
